﻿{"cameraMode":{"drawMode":0,"name":"Shaded","section":"Shading Mode"},"sceneLighting":true,"audioPlay":false,"sceneViewState":{"showFog":true,"showMaterialUpdate":false,"showSkybox":true,"showFlares":true,"showImageEffects":true,"showParticleSystems":true},"in2DMode":false,"pivot":{"x":-5.949930667877197,"y":-26.012086868286134,"z":64.99166107177735},"rotation":{"x":-0.22005954384803773,"y":0.060529254376888278,"z":-0.013682709075510502,"w":-0.9735105633735657},"size":90.13801574707031,"orthographic":false}