﻿{"cameraMode":{"drawMode":0,"name":"Shaded","section":"Shading Mode"},"sceneLighting":true,"audioPlay":false,"sceneViewState":{"showFog":true,"showMaterialUpdate":false,"showSkybox":true,"showFlares":true,"showImageEffects":true,"showParticleSystems":true},"in2DMode":false,"pivot":{"x":-4.5365495681762699,"y":-18.848424911499025,"z":70.56891632080078},"rotation":{"x":-0.17041635513305665,"y":0.02571149915456772,"z":-0.004448465537279844,"w":-0.9850266575813294},"size":90.13801574707031,"orthographic":false}